id,sender_name,sender_email,subject,body
173,Rakesh King,rakesh.king@initech.com,Requesting environment access for QA,If you can enable a temporary password that would help. I've tried the 'forgot password' option but it fails at verification. I can confirm my identity if required. Please let me know what information you need from my side.
117,Chris Thomas,chris.thomas41@hotmail.com,Request to add billing contact,It would be great if the reports could include CSV export by date range. A dark mode would be appreciated for long working hours. Please let me know what information you need from my side.
136,Avery Hernandez,avery.hernandez@starkindustries.com,Can I get admin privileges?,This feature would really speed up our daily workflows. It would be great if the reports could include CSV export by date range. A dark mode would be appreciated for long working hours. Please let me know what information you need from my side.
109,Rohit Adams,rohit.adams@outlook.com,Payment failed and account suspended,"This is blocking our team's access to premium features. The transaction went through on my bank, but the app still shows unpaid."
165,Chris Baker,chris.baker@techify.com,Request: password reset,This is blocking our team's access to premium features. Can someone confirm whether the refund has been initiated? Please let me know what information you need from my side.
112,Meera Anderson,meera.anderson@gmail.com,Feature X broke after latest patch,I'm on Android 12 and the crash happens every time I try to upload a file. Please advise on a workaround â€” we need this for our demo tomorrow.
243,Noah Singh,noah.singh@gmail.com,Limited time offer â€” act now,Verify your account details to receive the gift card. You've won! Click the link to claim your reward now.
87,Jamie Hall,jamie.hall23@yahoo.com,Unable to access my account - urgent,Several users reported timeouts when trying to run reports. The application returns a 503 error under normal load. My account ID is 378258.
249,Zoe Khan,zoe.khan@globex.com,Exclusive deal just for you,Transfer funds to unlock your cash prize.
169,Nina Patel,nina.patel@acme.com,Requesting environment access for QA,"The transaction went through on my bank, but the app still shows unpaid. This is blocking our team's access to premium features. Can someone confirm whether the refund has been initiated? Please let me know what information you need from my side."
118,Nina Wright,nina.wright@yahoo.com,Need access to new project folder,"I don't have access to my recovery phone, so I can't complete the flow. I can confirm my identity if required. I've tried the 'forgot password' option but it fails at verification. Please let me know what information you need from my side."
240,Drew Sharma,drew.sharma@gmail.com,This is not a scam â€” claim prize,"This is a limited time offer, no purchase necessary."
231,Noah Walker,noah.walker92@gmail.com,Exclusive deal just for you,Transfer funds to unlock your cash prize. Act now to secure this one-time deal.
144,Morgan Moore,morgan.moore@outlook.com,Can I get admin privileges?,Could you please reset my password and send the link to my email? If you can enable a temporary password that would help. Please let me know what information you need from my side.
209,Priya Garcia,priya.garcia@hotmail.com,Feedback: mobile app layout,Overall experience has improved since the last release. The new update made the interface much more intuitive. Good job on the recent improvements â€” noticed fewer errors. Thanks again for the team effort.
53,Avery Johnson,avery.johnson@yahoo.com,Feature X broke after latest patch,I tried resetting the password but the reset link doesn't arrive. I'm unable to log in since this morning. My account shows as locked and I need access for an urgent client call. Every time I enter my credentials I get an 'invalid password' message. This is urgent and affecting multiple users. My account ID is 114835.
221,Alex Martin,alex.martin89@hotmail.com,App improvements - readability,A dark mode would be appreciated for long working hours. It would be great if the reports could include CSV export by date range.
142,Automated Sender,it@netcore.com,Requesting environment access for QA,This feature would really speed up our daily workflows. A dark mode would be appreciated for long working hours. Please let me know what information you need from my side. My account ID is 395023.
145,Liam Hill,liam.hill@netcore.com,Please increase API rate limit,A payment attempt failed and my subscription shows as suspended. This is blocking our team's access to premium features. Please let me know what information you need from my side. My account ID is 449218.
163,Olivia Wright,olivia.wright@outlook.com,How to export my data?,This feature would really speed up our daily workflows. It would be great if the reports could include CSV export by date range. Please let me know what information you need from my side.
18,Quinn Scott,quinn.scott@gmail.com,Unable to access my account - urgent,Our staging server has been down intermittently for the past two hours. Can you check the server logs and let us know what's causing this? We noticed CPU spikes and very slow response times after the update. Several users reported timeouts when trying to run reports.
208,Arjun Allen,arjun.allen18@outlook.com,Loving the new onboarding flow,"Good job on the recent improvements â€” noticed fewer errors. Thanks for resolving the issue quickly, the team really appreciated it. Thanks again for the team effort."
159,Alex Lopez,alex.lopez@initech.com,Can I get admin privileges?,This feature would really speed up our daily workflows. Please consider adding keyboard shortcuts for power users. Please let me know what information you need from my side.
184,Frank Scott,frank.scott@outlook.com,Help with two-factor authentication setup,"The transaction went through on my bank, but the app still shows unpaid. I need help reprocessing the failed payment and restoring access. Please let me know what information you need from my side."
134,Automated Sender,billing@globex.com,Requesting environment access for QA,"The transaction went through on my bank, but the app still shows unpaid. This is blocking our team's access to premium features. A payment attempt failed and my subscription shows as suspended. Please let me know what information you need from my side."
88,Vince Khan,vince.khan@hotmail.com,Email notifications stopped working,I'm unable to log in since this morning. My account shows as locked and I need access for an urgent client call. I tried resetting the password but the reset link doesn't arrive. This is affecting my ability to complete billing tasks. My account ID is 921273.
97,Jasper Smith,jasper.smith@hotmail.com,Feature X broke after latest patch,I'm unable to log in since this morning. Every time I enter my credentials I get an 'invalid password' message. This is urgent and affecting multiple users.
14,Siddharth Wilson,siddharth.wilson@umbrella.com,Email notifications stopped working,Attached are the steps to reproduce and a screenshot of the error. The mobile app crashes immediately after tapping 'Start'. Please advise on a workaround â€” we need this for our demo tomorrow. I reinstalled the app but the issue persists. This is urgent and affecting multiple users. My account ID is 680828.
37,Nina Adams,nina.adams@gmail.com,Server error 500 on reports,Can you check the server logs and let us know what's causing this? We noticed CPU spikes and very slow response times after the update. This is urgent and affecting multiple users. My account ID is 989545.
167,Morgan Gonzalez,morgan.gonzalez@gmail.com,Please enable SSO for my account,A dark mode would be appreciated for long working hours. Please consider adding keyboard shortcuts for power users. Can you add an option to filter by user role in the dashboard? Please let me know what information you need from my side.
230,Sam Allen,sam.allen@globex.com,Claim your free gift card now,Verify your account details to receive the gift card.
47,Dana Scott,dana.scott@cloudwave.com,Unable to access my account - urgent,"Can someone confirm whether the refund has been initiated? I need help reprocessing the failed payment and restoring access. A payment attempt failed and my subscription shows as suspended. The transaction went through on my bank, but the app still shows unpaid. This is urgent and affecting multiple users."
168,Chris King,chris.king@company.com,How to export my data?,It would be great if the reports could include CSV export by date range. Can you add an option to filter by user role in the dashboard? A dark mode would be appreciated for long working hours. Please let me know what information you need from my side.
80,Liam Singh,liam.singh@netcore.com,Unable to access my account - urgent,"A payment attempt failed and my subscription shows as suspended. Can someone confirm whether the refund has been initiated? The transaction went through on my bank, but the app still shows unpaid. I need help reprocessing the failed payment and restoring access."
7,Automated Sender,billing@company.com,Severe slowdown on dashboard,This is affecting my ability to complete billing tasks. I tried resetting the password but the reset link doesn't arrive. This is urgent and affecting multiple users.
26,Rakesh Brown,rakesh.brown57@yahoo.com,Server error 500 on reports,I'm unable to log in since this morning. This is affecting my ability to complete billing tasks.
95,Nina Brown,nina.brown@gmail.com,Team cannot login after password change,This is affecting my ability to complete billing tasks. I'm unable to log in since this morning. I tried resetting the password but the reset link doesn't arrive. Every time I enter my credentials I get an 'invalid password' message. This is urgent and affecting multiple users.
107,Quinn Khan,quinn.khan@gmail.com,Service down for my team,Every time I enter my credentials I get an 'invalid password' message. I'm unable to log in since this morning. My account shows as locked and I need access for an urgent client call. This is affecting my ability to complete billing tasks.
121,Yara Martin,yara.martin@umbrella.com,Need access to new project folder,I can confirm my identity if required. Could you please reset my password and send the link to my email? Please let me know what information you need from my side.
58,Grace Sharma,grace.sharma91@hotmail.com,Files missing after update,Every time I enter my credentials I get an 'invalid password' message. I tried resetting the password but the reset link doesn't arrive. My account shows as locked and I need access for an urgent client call. I'm unable to log in since this morning.
127,Ryan Wright,ryan.wright@hotmail.com,Request to add billing contact,A payment attempt failed and my subscription shows as suspended. This is blocking our team's access to premium features. I need help reprocessing the failed payment and restoring access. Please let me know what information you need from my side.
156,Ian Wilson,ian.wilson@outlook.com,Need access to new project folder,Can you add an option to filter by user role in the dashboard? Please consider adding keyboard shortcuts for power users. Please let me know what information you need from my side.
204,Siddharth Khan,siddharth.khan44@gmail.com,Feature suggestion for reports,Overall experience has improved since the last release. The new update made the interface much more intuitive.
10,Sunil Lopez,sunil.lopez69@gmail.com,Email notifications stopped working,My account shows as locked and I need access for an urgent client call. Every time I enter my credentials I get an 'invalid password' message. This is affecting my ability to complete billing tasks. This is urgent and affecting multiple users.
59,Automated Sender,billing@cloudwave.com,Feature X broke after latest patch,A payment attempt failed and my subscription shows as suspended. Can someone confirm whether the refund has been initiated? I need help reprocessing the failed payment and restoring access. This is urgent and affecting multiple users.
66,Uma Wright,uma.wright62@outlook.com,App crashing on startup,I'm on Android 12 and the crash happens every time I try to upload a file. Attached are the steps to reproduce and a screenshot of the error. The mobile app crashes immediately after tapping 'Start'. I reinstalled the app but the issue persists.
90,Ian Young,ian.young17@gmail.com,Feature X broke after latest patch,I tried resetting the password but the reset link doesn't arrive. My account shows as locked and I need access for an urgent client call. This is affecting my ability to complete billing tasks. Every time I enter my credentials I get an 'invalid password' message.
205,Cameron Scott,cameron.scott@hotmail.com,App improvements - readability,"Support was very helpful and explained the steps clearly. Thanks for resolving the issue quickly, the team really appreciated it. Good job on the recent improvements â€” noticed fewer errors. My account ID is 720970."
222,Taylor Moore,taylor.moore@yahoo.com,Positive experience with support,It would be great if the reports could include CSV export by date range. This feature would really speed up our daily workflows. Thanks again for the team effort. My account ID is 722518.
146,Riley Garcia,riley.garcia@netcore.com,How to export my data?,This feature would really speed up our daily workflows. A dark mode would be appreciated for long working hours. It would be great if the reports could include CSV export by date range. Please let me know what information you need from my side.
140,Noah Garcia,noah.garcia@outlook.com,Need access to new project folder,If you can enable a temporary password that would help. Could you please reset my password and send the link to my email? Please let me know what information you need from my side.
137,Meera Young,meera.young@yahoo.com,Please increase API rate limit,Could you please reset my password and send the link to my email? I can confirm my identity if required. Please let me know what information you need from my side.
89,Hannah Clark,hannah.clark@netcore.com,Unable to access my account - urgent,My account shows as locked and I need access for an urgent client call. This is affecting my ability to complete billing tasks. I tried resetting the password but the reset link doesn't arrive. This is urgent and affecting multiple users.
94,Grace Young,grace.young@acme.com,Service down for my team,Every time I enter my credentials I get an 'invalid password' message. This is affecting my ability to complete billing tasks. I tried resetting the password but the reset link doesn't arrive. My account shows as locked and I need access for an urgent client call. This is urgent and affecting multiple users. My account ID is 986438.
172,Drew Wilson,drew.wilson@outlook.com,How to export my data?,A dark mode would be appreciated for long working hours. This feature would really speed up our daily workflows. It would be great if the reports could include CSV export by date range. Please let me know what information you need from my side.
1,Sonia Brown,sonia.brown@acme.com,Payment failed and account suspended,Can you check the server logs and let us know what's causing this? Our staging server has been down intermittently for the past two hours. My account ID is 198246.
224,Liam Baker,liam.baker49@outlook.com,App improvements - readability,"Overall experience has improved since the last release. Thanks for resolving the issue quickly, the team really appreciated it. My account ID is 468247."
178,Hannah Brown,hannah.brown@outlook.com,Requesting environment access for QA,"I've tried the 'forgot password' option but it fails at verification. I don't have access to my recovery phone, so I can't complete the flow. If you can enable a temporary password that would help. Please let me know what information you need from my side."
2,Xavier Johnson,xavier.johnson@gmail.com,Server error 500 on reports,Can you check the server logs and let us know what's causing this? Several users reported timeouts when trying to run reports. Our staging server has been down intermittently for the past two hours. My account ID is 543143.
113,Automated Sender,billing@umbrella.com,Files missing after update,My account shows as locked and I need access for an urgent client call. Every time I enter my credentials I get an 'invalid password' message. I tried resetting the password but the reset link doesn't arrive. This is urgent and affecting multiple users.
188,Morgan Wilson,morgan.wilson@company.com,Requesting refund for failed payment,"Can someone confirm whether the refund has been initiated? The transaction went through on my bank, but the app still shows unpaid. I need help reprocessing the failed payment and restoring access. Please let me know what information you need from my side."
15,Automated Sender,support@acme.com,Email notifications stopped working,Every time I enter my credentials I get an 'invalid password' message. I tried resetting the password but the reset link doesn't arrive. My account shows as locked and I need access for an urgent client call. This is affecting my ability to complete billing tasks. This is urgent and affecting multiple users. My account ID is 698782.
129,Yara Sharma,yara.sharma@hotmail.com,Request to add billing contact,"Could you please reset my password and send the link to my email? I don't have access to my recovery phone, so I can't complete the flow. I've tried the 'forgot password' option but it fails at verification. Please let me know what information you need from my side."
12,Priya Anderson,priya.anderson@acme.com,Service down for my team,"The transaction went through on my bank, but the app still shows unpaid. A payment attempt failed and my subscription shows as suspended. Can someone confirm whether the refund has been initiated?"
5,Maya Brown,maya.brown@globex.com,Email notifications stopped working,Several users reported timeouts when trying to run reports. The application returns a 503 error under normal load. Can you check the server logs and let us know what's causing this? This is urgent and affecting multiple users.
149,Automated Sender,support@umbrella.com,Request: password reset,"Can someone confirm whether the refund has been initiated? The transaction went through on my bank, but the app still shows unpaid. This is blocking our team's access to premium features. Please let me know what information you need from my side."
100,Automated Sender,it@initech.com,Payment failed and account suspended,I'm on Android 12 and the crash happens every time I try to upload a file. I reinstalled the app but the issue persists. The mobile app crashes immediately after tapping 'Start'. Please advise on a workaround â€” we need this for our demo tomorrow. My account ID is 119651.
232,Frank Singh,frank.singh@yahoo.com,Exclusive deal just for you,"This is a limited time offer, no purchase necessary."
187,Will Allen,will.allen@starkindustries.com,Please enable SSO for my account,"I don't have access to my recovery phone, so I can't complete the flow. I can confirm my identity if required. Please let me know what information you need from my side."
186,Yara Adams,yara.adams@outlook.com,Request: password reset,This feature would really speed up our daily workflows. Please consider adding keyboard shortcuts for power users. Please let me know what information you need from my side.
19,Automated Sender,it@starkindustries.com,Files missing after update,This is blocking our team's access to premium features. Can someone confirm whether the refund has been initiated? A payment attempt failed and my subscription shows as suspended. This is urgent and affecting multiple users. My account ID is 161324.
122,Liam Brown,liam.brown@hotmail.com,Need access to new project folder,Could you please reset my password and send the link to my email? I've tried the 'forgot password' option but it fails at verification. Please let me know what information you need from my side. My account ID is 469412.
171,Drew Lopez,drew.lopez57@gmail.com,Requesting refund for failed payment,I can confirm my identity if required. I've tried the 'forgot password' option but it fails at verification. Please let me know what information you need from my side. My account ID is 867051.
219,Morgan Scott,morgan.scott@wayneenterprises.com,Suggestion: more export formats,Please consider adding keyboard shortcuts for power users. Can you add an option to filter by user role in the dashboard?
154,Xavier Wright,xavier.wright14@outlook.com,Please increase API rate limit,It would be great if the reports could include CSV export by date range. Can you add an option to filter by user role in the dashboard? Please let me know what information you need from my side.
86,Blake Singh,blake.singh@cloudwave.com,Team cannot login after password change,The application returns a 503 error under normal load. Can you check the server logs and let us know what's causing this? We noticed CPU spikes and very slow response times after the update. Our staging server has been down intermittently for the past two hours.
211,Olivia Wright,olivia.wright@hotmail.com,Kudos to the team,"Overall experience has improved since the last release. Thanks for resolving the issue quickly, the team really appreciated it. My account ID is 134283."
133,Sam Thomas,sam.thomas@hotmail.com,How to export my data?,It would be great if the reports could include CSV export by date range. A dark mode would be appreciated for long working hours. Please let me know what information you need from my side.
93,Xavier Sharma,xavier.sharma@yahoo.com,Email notifications stopped working,We noticed CPU spikes and very slow response times after the update. Several users reported timeouts when trying to run reports.
226,Ian Scott,ian.scott36@hotmail.com,Feature suggestion for reports,"Thanks for resolving the issue quickly, the team really appreciated it. Good job on the recent improvements â€” noticed fewer errors. Overall experience has improved since the last release."
74,Rakesh Brown,rakesh.brown@hotmail.com,Files missing after update,"This is blocking our team's access to premium features. The transaction went through on my bank, but the app still shows unpaid. A payment attempt failed and my subscription shows as suspended. Can someone confirm whether the refund has been initiated?"
131,Avery Khan,avery.khan10@hotmail.com,Requesting environment access for QA,I've tried the 'forgot password' option but it fails at verification. Could you please reset my password and send the link to my email? I can confirm my identity if required. Please let me know what information you need from my side.
175,Vince Garcia,vince.garcia@netcore.com,Can I get admin privileges?,It would be great if the reports could include CSV export by date range. Please consider adding keyboard shortcuts for power users. Can you add an option to filter by user role in the dashboard? Please let me know what information you need from my side. My account ID is 859782.
69,Maya King,maya.king@company.com,Payment failed and account suspended,I'm on Android 12 and the crash happens every time I try to upload a file. I reinstalled the app but the issue persists.
191,Maya Wright,maya.wright@yahoo.com,App improvements - readability,A dark mode would be appreciated for long working hours. It would be great if the reports could include CSV export by date range. Please consider adding keyboard shortcuts for power users. Thanks again for the team effort.
216,Jamie Hill,jamie.hill@globex.com,Feedback: mobile app layout,"The new update made the interface much more intuitive. Overall experience has improved since the last release. Thanks for resolving the issue quickly, the team really appreciated it. Thanks again for the team effort."
161,Elliot Hernandez,elliot.hernandez@gmail.com,Need access to new project folder,"The transaction went through on my bank, but the app still shows unpaid. Can someone confirm whether the refund has been initiated? I need help reprocessing the failed payment and restoring access. Please let me know what information you need from my side."
135,Dana Walker,dana.walker@acme.com,Please enable SSO for my account,Can you add an option to filter by user role in the dashboard? A dark mode would be appreciated for long working hours. Please consider adding keyboard shortcuts for power users. Please let me know what information you need from my side.
157,Noah Scott,noah.scott@gmail.com,Can I get admin privileges?,I've tried the 'forgot password' option but it fails at verification. Could you please reset my password and send the link to my email? Please let me know what information you need from my side.
21,Noah Khan,noah.khan@umbrella.com,Feature X broke after latest patch,Can you check the server logs and let us know what's causing this? Our staging server has been down intermittently for the past two hours. Several users reported timeouts when trying to run reports. We noticed CPU spikes and very slow response times after the update.
30,Cameron Patel,cameron.patel@yahoo.com,Severe slowdown on dashboard,I tried resetting the password but the reset link doesn't arrive. My account shows as locked and I need access for an urgent client call. This is affecting my ability to complete billing tasks.
75,Kavita Brown,kavita.brown@hotmail.com,Server error 500 on reports,I'm on Android 12 and the crash happens every time I try to upload a file. Attached are the steps to reproduce and a screenshot of the error.
126,Chris Lopez,chris.lopez@outlook.com,Please enable SSO for my account,"Could you please reset my password and send the link to my email? I can confirm my identity if required. I don't have access to my recovery phone, so I can't complete the flow. Please let me know what information you need from my side."
124,Jordan Anderson,jordan.anderson@yahoo.com,How to export my data?,"A payment attempt failed and my subscription shows as suspended. The transaction went through on my bank, but the app still shows unpaid. Can someone confirm whether the refund has been initiated? Please let me know what information you need from my side."
61,Nina King,nina.king@gmail.com,Payment failed and account suspended,Attached are the steps to reproduce and a screenshot of the error. I reinstalled the app but the issue persists. The mobile app crashes immediately after tapping 'Start'. I'm on Android 12 and the crash happens every time I try to upload a file.
170,Jordan Scott,jordan.scott@gmail.com,Request: password reset,It would be great if the reports could include CSV export by date range. This feature would really speed up our daily workflows. Please let me know what information you need from my side.
130,Drew Khan,drew.khan24@outlook.com,Help with two-factor authentication setup,I've tried the 'forgot password' option but it fails at verification. If you can enable a temporary password that would help. Could you please reset my password and send the link to my email? Please let me know what information you need from my side.
158,Anita Hall,anita.hall@hotmail.com,Please enable SSO for my account,"The transaction went through on my bank, but the app still shows unpaid. A payment attempt failed and my subscription shows as suspended. This is blocking our team's access to premium features. Please let me know what information you need from my side. My account ID is 581206."
29,Frank Smith,frank.smith@umbrella.com,Service down for my team,Attached are the steps to reproduce and a screenshot of the error. I'm on Android 12 and the crash happens every time I try to upload a file. This is urgent and affecting multiple users.
195,Priya Young,priya.young@techify.com,Positive experience with support,Can you add an option to filter by user role in the dashboard? A dark mode would be appreciated for long working hours. Thanks again for the team effort.
214,Dana Hill,dana.hill@techify.com,Positive experience with support,"Overall experience has improved since the last release. Support was very helpful and explained the steps clearly. Thanks for resolving the issue quickly, the team really appreciated it."
210,Arjun Sharma,arjun.sharma@hotmail.com,Thanks for the quick fix!,Can you add an option to filter by user role in the dashboard? Please consider adding keyboard shortcuts for power users.
196,Jasper Clark,jasper.clark@company.com,Loving the new onboarding flow,A dark mode would be appreciated for long working hours. This feature would really speed up our daily workflows.
237,Rohit Baker,rohit.baker4@outlook.com,Increase your credit score instantly,Verify your account details to receive the gift card. You've won! Click the link to claim your reward now.
50,Jasper Patel,jasper.patel@hotmail.com,Files missing after update,Several users reported timeouts when trying to run reports. Can you check the server logs and let us know what's causing this? The application returns a 503 error under normal load.
42,Rohit Smith,rohit.smith@hotmail.com,Feature X broke after latest patch,My account shows as locked and I need access for an urgent client call. I'm unable to log in since this morning. This is urgent and affecting multiple users.
65,Siddharth Smith,siddharth.smith@umbrella.com,Unable to access my account - urgent,I'm unable to log in since this morning. Every time I enter my credentials I get an 'invalid password' message. This is affecting my ability to complete billing tasks. My account ID is 972565.
73,Peyton Garcia,peyton.garcia53@outlook.com,Payment failed and account suspended,Our staging server has been down intermittently for the past two hours. We noticed CPU spikes and very slow response times after the update. My account ID is 711484.
148,Zoe Wilson,zoe.wilson@hotmail.com,Request: password reset,"This is blocking our team's access to premium features. The transaction went through on my bank, but the app still shows unpaid. I need help reprocessing the failed payment and restoring access. Please let me know what information you need from my side. My account ID is 603787."
139,Hannah Clark,hannah.clark8@hotmail.com,Help with two-factor authentication setup,"The transaction went through on my bank, but the app still shows unpaid. I need help reprocessing the failed payment and restoring access. Can someone confirm whether the refund has been initiated? Please let me know what information you need from my side. My account ID is 853258."
190,Xavier Moore,xavier.moore@outlook.com,Great update â€” a couple of ideas,This feature would really speed up our daily workflows. A dark mode would be appreciated for long working hours.
228,Vince Baker,vince.baker@gmail.com,Increase your credit score instantly,"This is a limited time offer, no purchase necessary. Transfer funds to unlock your cash prize."
62,Olivia Anderson,olivia.anderson@outlook.com,Payment failed and account suspended,Can someone confirm whether the refund has been initiated? I need help reprocessing the failed payment and restoring access. This is blocking our team's access to premium features.
46,Hannah Allen,hannah.allen@gmail.com,Server error 500 on reports,Our staging server has been down intermittently for the past two hours. The application returns a 503 error under normal load. This is urgent and affecting multiple users.
236,Vince Walker,vince.walker@outlook.com,Limited time offer â€” act now,Verify your account details to receive the gift card.
248,Casey Wright,casey.wright6@gmail.com,You've been selected for a cash reward,Verify your account details to receive the gift card. Transfer funds to unlock your cash prize.
49,Peyton Green,peyton.green@techify.com,Severe slowdown on dashboard,A payment attempt failed and my subscription shows as suspended. I need help reprocessing the failed payment and restoring access. My account ID is 587282.
3,Blake Hill,blake.hill@yahoo.com,Service down for my team,This is blocking our team's access to premium features. I need help reprocessing the failed payment and restoring access. A payment attempt failed and my subscription shows as suspended.
153,Kelly Hill,kelly.hill@hotmail.com,Can I get admin privileges?,If you can enable a temporary password that would help. I've tried the 'forgot password' option but it fails at verification. I can confirm my identity if required. Please let me know what information you need from my side.
241,Xavier Scott,xavier.scott@acme.com,This is not a scam â€” claim prize,Verify your account details to receive the gift card.
125,Frank Khan,frank.khan@wayneenterprises.com,Help with two-factor authentication setup,Can someone confirm whether the refund has been initiated? I need help reprocessing the failed payment and restoring access. A payment attempt failed and my subscription shows as suspended. Please let me know what information you need from my side.
227,Anita Sharma,anita.sharma@starkindustries.com,You've been selected for a cash reward,Transfer funds to unlock your cash prize. You've won! Click the link to claim your reward now.
160,Jordan Garcia,jordan.garcia@gmail.com,Request: password reset,"I don't have access to my recovery phone, so I can't complete the flow. If you can enable a temporary password that would help. I can confirm my identity if required. Please let me know what information you need from my side."
217,Tyler Garcia,tyler.garcia@hotmail.com,Minor UI suggestion,Please consider adding keyboard shortcuts for power users. It would be great if the reports could include CSV export by date range. A dark mode would be appreciated for long working hours.
212,Ryan Hill,ryan.hill@outlook.com,Kudos to the team,Good job on the recent improvements â€” noticed fewer errors. Overall experience has improved since the last release.
164,Taylor Green,taylor.green@gmail.com,Please increase API rate limit,A dark mode would be appreciated for long working hours. Please consider adding keyboard shortcuts for power users. Please let me know what information you need from my side. My account ID is 315379.
83,Meera Lopez,meera.lopez@outlook.com,Feature X broke after latest patch,The application returns a 503 error under normal load. We noticed CPU spikes and very slow response times after the update. Several users reported timeouts when trying to run reports. Our staging server has been down intermittently for the past two hours.
250,Peyton King,peyton.king@gmail.com,You've been selected for a cash reward,Verify your account details to receive the gift card. Act now to secure this one-time deal.
108,Liam Gonzalez,liam.gonzalez@wayneenterprises.com,Server error 500 on reports,"This is blocking our team's access to premium features. A payment attempt failed and my subscription shows as suspended. I need help reprocessing the failed payment and restoring access. The transaction went through on my bank, but the app still shows unpaid. This is urgent and affecting multiple users. My account ID is 811332."
202,Quinn Thomas,quinn.thomas@yahoo.com,Great update â€” a couple of ideas,"Thanks for resolving the issue quickly, the team really appreciated it. Support was very helpful and explained the steps clearly. Overall experience has improved since the last release. Thanks again for the team effort."
99,Vince King,vince.king@hotmail.com,Feature X broke after latest patch,Every time I enter my credentials I get an 'invalid password' message. I tried resetting the password but the reset link doesn't arrive.
245,Asha Hill,asha.hill70@hotmail.com,You've been selected for a cash reward,You've won! Click the link to claim your reward now.
23,Morgan Hall,morgan.hall34@gmail.com,Email notifications stopped working,I tried resetting the password but the reset link doesn't arrive. This is affecting my ability to complete billing tasks. This is urgent and affecting multiple users.
247,Sonia Lopez,sonia.lopez@hotmail.com,You've been selected for a cash reward,Transfer funds to unlock your cash prize.
123,Asha King,asha.king@yahoo.com,Please enable SSO for my account,Please consider adding keyboard shortcuts for power users. It would be great if the reports could include CSV export by date range. Please let me know what information you need from my side.
106,Arjun Young,arjun.young@globex.com,Files missing after update,I'm unable to log in since this morning. My account shows as locked and I need access for an urgent client call. I tried resetting the password but the reset link doesn't arrive. This is affecting my ability to complete billing tasks. This is urgent and affecting multiple users.
152,Asha Wilson,asha.wilson@outlook.com,Requesting environment access for QA,"I've tried the 'forgot password' option but it fails at verification. I can confirm my identity if required. I don't have access to my recovery phone, so I can't complete the flow. Please let me know what information you need from my side. My account ID is 809489."
76,Sam Green,sam.green@starkindustries.com,Severe slowdown on dashboard,I'm unable to log in since this morning. My account shows as locked and I need access for an urgent client call. Every time I enter my credentials I get an 'invalid password' message. This is affecting my ability to complete billing tasks.
63,Chris Anderson,chris.anderson15@hotmail.com,Server error 500 on reports,This is affecting my ability to complete billing tasks. My account shows as locked and I need access for an urgent client call. My account ID is 479353.
9,Nina Sharma,nina.sharma@gmail.com,Payment failed and account suspended,Can you check the server logs and let us know what's causing this? Our staging server has been down intermittently for the past two hours. The application returns a 503 error under normal load. This is urgent and affecting multiple users.
39,Nina Lee,nina.lee@outlook.com,Team cannot login after password change,I'm on Android 12 and the crash happens every time I try to upload a file. I reinstalled the app but the issue persists. Please advise on a workaround â€” we need this for our demo tomorrow. The mobile app crashes immediately after tapping 'Start'. My account ID is 452161.
115,Elliot Sharma,elliot.sharma@initech.com,Request to add billing contact,I've tried the 'forgot password' option but it fails at verification. Could you please reset my password and send the link to my email? Please let me know what information you need from my side.
72,Sonia Singh,sonia.singh@yahoo.com,Service down for my team,I reinstalled the app but the issue persists. The mobile app crashes immediately after tapping 'Start'. This is urgent and affecting multiple users.
71,Maya Anderson,maya.anderson@netcore.com,Files missing after update,This is affecting my ability to complete billing tasks. I'm unable to log in since this morning. This is urgent and affecting multiple users.
48,Liam Hernandez,liam.hernandez@hotmail.com,Payment failed and account suspended,Please advise on a workaround â€” we need this for our demo tomorrow. I reinstalled the app but the issue persists.
55,Taylor Brown,taylor.brown@yahoo.com,Service down for my team,The mobile app crashes immediately after tapping 'Start'. Please advise on a workaround â€” we need this for our demo tomorrow. Attached are the steps to reproduce and a screenshot of the error. This is urgent and affecting multiple users.
91,Anita Hernandez,anita.hernandez@gmail.com,App crashing on startup,I'm on Android 12 and the crash happens every time I try to upload a file. Attached are the steps to reproduce and a screenshot of the error. Please advise on a workaround â€” we need this for our demo tomorrow.
193,Alex Wilson,alex.wilson@company.com,Feedback: mobile app layout,This feature would really speed up our daily workflows. Can you add an option to filter by user role in the dashboard? My account ID is 499226.
110,Jamie Young,jamie.young@company.com,Service down for my team,Can someone confirm whether the refund has been initiated? I need help reprocessing the failed payment and restoring access. A payment attempt failed and my subscription shows as suspended. This is blocking our team's access to premium features.
98,Quinn King,quinn.king@starkindustries.com,Feature X broke after latest patch,I reinstalled the app but the issue persists. I'm on Android 12 and the crash happens every time I try to upload a file. Please advise on a workaround â€” we need this for our demo tomorrow. This is urgent and affecting multiple users.
192,Pat Garcia,pat.garcia56@outlook.com,Kudos to the team,It would be great if the reports could include CSV export by date range. This feature would really speed up our daily workflows. My account ID is 727094.
128,Sam Garcia,sam.garcia@yahoo.com,Requesting environment access for QA,"Could you please reset my password and send the link to my email? I don't have access to my recovery phone, so I can't complete the flow. Please let me know what information you need from my side."
199,Siddharth Martin,siddharth.martin@yahoo.com,Feature suggestion for reports,This feature would really speed up our daily workflows. Please consider adding keyboard shortcuts for power users. A dark mode would be appreciated for long working hours.
111,Hannah Smith,hannah.smith@outlook.com,Files missing after update,The application returns a 503 error under normal load. Can you check the server logs and let us know what's causing this? This is urgent and affecting multiple users.
147,Jasper Walker,jasper.walker@cloudwave.com,How to export my data?,"Can someone confirm whether the refund has been initiated? A payment attempt failed and my subscription shows as suspended. The transaction went through on my bank, but the app still shows unpaid. Please let me know what information you need from my side."
44,Automated Sender,billing@umbrella.com,Service down for my team,Our staging server has been down intermittently for the past two hours. The application returns a 503 error under normal load. This is urgent and affecting multiple users. My account ID is 259784.
197,Noah Anderson,noah.anderson89@yahoo.com,Kudos to the team,Support was very helpful and explained the steps clearly. Good job on the recent improvements â€” noticed fewer errors. The new update made the interface much more intuitive.
185,Chris Moore,chris.moore@acme.com,How to export my data?,"A payment attempt failed and my subscription shows as suspended. The transaction went through on my bank, but the app still shows unpaid. Please let me know what information you need from my side. My account ID is 986392."
246,Cameron Hall,cameron.hall@acme.com,Increase your credit score instantly,Verify your account details to receive the gift card.
182,Morgan Wright,morgan.wright28@yahoo.com,Request to add billing contact,If you can enable a temporary password that would help. Could you please reset my password and send the link to my email? I can confirm my identity if required. Please let me know what information you need from my side.
85,Taylor Moore,taylor.moore@wayneenterprises.com,Service down for my team,I'm on Android 12 and the crash happens every time I try to upload a file. The mobile app crashes immediately after tapping 'Start'. This is urgent and affecting multiple users.
203,Kelly Wilson,kelly.wilson@yahoo.com,Positive experience with support,Please consider adding keyboard shortcuts for power users. It would be great if the reports could include CSV export by date range. Can you add an option to filter by user role in the dashboard?
33,Meera Adams,meera.adams39@outlook.com,Server error 500 on reports,"I need help reprocessing the failed payment and restoring access. The transaction went through on my bank, but the app still shows unpaid. A payment attempt failed and my subscription shows as suspended."
114,Liam King,liam.king@umbrella.com,Requesting environment access for QA,Can someone confirm whether the refund has been initiated? This is blocking our team's access to premium features. A payment attempt failed and my subscription shows as suspended. Please let me know what information you need from my side.
177,Sonia Khan,sonia.khan@yahoo.com,Requesting refund for failed payment,Can you add an option to filter by user role in the dashboard? A dark mode would be appreciated for long working hours. This feature would really speed up our daily workflows. Please let me know what information you need from my side.
17,Noah Lopez,noah.lopez@acme.com,Service down for my team,The application returns a 503 error under normal load. We noticed CPU spikes and very slow response times after the update. This is urgent and affecting multiple users. My account ID is 585100.
6,Rakesh Smith,rakesh.smith@cloudwave.com,App crashing on startup,We noticed CPU spikes and very slow response times after the update. Several users reported timeouts when trying to run reports. Can you check the server logs and let us know what's causing this? My account ID is 440035.
239,Asha Khan,asha.khan@outlook.com,Claim your free gift card now,Act now to secure this one-time deal.
194,Hannah Brown,hannah.brown@outlook.com,Feature suggestion for reports,Good job on the recent improvements â€” noticed fewer errors. Support was very helpful and explained the steps clearly. The new update made the interface much more intuitive. My account ID is 363926.
151,Will Thomas,will.thomas@outlook.com,Can I get admin privileges?,"The transaction went through on my bank, but the app still shows unpaid. I need help reprocessing the failed payment and restoring access. Please let me know what information you need from my side."
234,Peyton Khan,peyton.khan@gmail.com,Get cheap software licenses,Verify your account details to receive the gift card.
22,Blake King,blake.king@outlook.com,Server error 500 on reports,Several users reported timeouts when trying to run reports. We noticed CPU spikes and very slow response times after the update. The application returns a 503 error under normal load. Our staging server has been down intermittently for the past two hours. This is urgent and affecting multiple users.
166,Automated Sender,billing@acme.com,Requesting refund for failed payment,If you can enable a temporary password that would help. I've tried the 'forgot password' option but it fails at verification. Please let me know what information you need from my side.
162,Kavita Khan,kavita.khan@starkindustries.com,Can I get admin privileges?,"I don't have access to my recovery phone, so I can't complete the flow. I can confirm my identity if required. Please let me know what information you need from my side."
96,Kelly Patel,kelly.patel@wayneenterprises.com,Payment failed and account suspended,My account shows as locked and I need access for an urgent client call. I'm unable to log in since this morning. This is affecting my ability to complete billing tasks. I tried resetting the password but the reset link doesn't arrive. This is urgent and affecting multiple users.
103,Vince Walker,vince.walker45@gmail.com,Payment failed and account suspended,The application returns a 503 error under normal load. Several users reported timeouts when trying to run reports. This is urgent and affecting multiple users.
51,Vince Johnson,vince.johnson93@gmail.com,Team cannot login after password change,We noticed CPU spikes and very slow response times after the update. Can you check the server logs and let us know what's causing this? The application returns a 503 error under normal load. Our staging server has been down intermittently for the past two hours. This is urgent and affecting multiple users. My account ID is 825391.
34,Arjun Allen,arjun.allen@initech.com,Team cannot login after password change,I tried resetting the password but the reset link doesn't arrive. Every time I enter my credentials I get an 'invalid password' message. My account shows as locked and I need access for an urgent client call.
57,Arjun Lopez,arjun.lopez98@gmail.com,App crashing on startup,"A payment attempt failed and my subscription shows as suspended. The transaction went through on my bank, but the app still shows unpaid. This is blocking our team's access to premium features. I need help reprocessing the failed payment and restoring access. My account ID is 528361."
16,Sophia Scott,sophia.scott@yahoo.com,Server error 500 on reports,Can someone confirm whether the refund has been initiated? This is blocking our team's access to premium features. I need help reprocessing the failed payment and restoring access. This is urgent and affecting multiple users.
4,Chris Hall,chris.hall@company.com,Feature X broke after latest patch,"The transaction went through on my bank, but the app still shows unpaid. A payment attempt failed and my subscription shows as suspended. Can someone confirm whether the refund has been initiated? I need help reprocessing the failed payment and restoring access."
32,Maya Baker,maya.baker@gmail.com,Server error 500 on reports,This is affecting my ability to complete billing tasks. Every time I enter my credentials I get an 'invalid password' message. My account shows as locked and I need access for an urgent client call. I tried resetting the password but the reset link doesn't arrive. This is urgent and affecting multiple users.
36,Automated Sender,it@cloudwave.com,Service down for my team,Please advise on a workaround â€” we need this for our demo tomorrow. I'm on Android 12 and the crash happens every time I try to upload a file. I reinstalled the app but the issue persists.
27,Liam Allen,liam.allen@gmail.com,Unable to access my account - urgent,A payment attempt failed and my subscription shows as suspended. I need help reprocessing the failed payment and restoring access. This is blocking our team's access to premium features.
218,Kavita Gonzalez,kavita.gonzalez@outlook.com,Kudos to the team,This feature would really speed up our daily workflows. It would be great if the reports could include CSV export by date range. A dark mode would be appreciated for long working hours. Thanks again for the team effort.
25,Sunil Hernandez,sunil.hernandez@umbrella.com,Team cannot login after password change,The mobile app crashes immediately after tapping 'Start'. Please advise on a workaround â€” we need this for our demo tomorrow. I reinstalled the app but the issue persists.
201,Nina Anderson,nina.anderson@hotmail.com,Feedback: mobile app layout,"Thanks for resolving the issue quickly, the team really appreciated it. Good job on the recent improvements â€” noticed fewer errors. Thanks again for the team effort."
141,Taylor Wilson,taylor.wilson@gmail.com,Help with two-factor authentication setup,A dark mode would be appreciated for long working hours. This feature would really speed up our daily workflows. Please let me know what information you need from my side. My account ID is 267082.
143,Grace Hall,grace.hall14@hotmail.com,Can I get admin privileges?,"I've tried the 'forgot password' option but it fails at verification. Could you please reset my password and send the link to my email? I don't have access to my recovery phone, so I can't complete the flow. Please let me know what information you need from my side. My account ID is 689107."
220,Yara Adams,yara.adams@yahoo.com,Loving the new onboarding flow,"Thanks for resolving the issue quickly, the team really appreciated it. Support was very helpful and explained the steps clearly. Thanks again for the team effort."
104,Jordan Hill,jordan.hill@globex.com,Files missing after update,My account shows as locked and I need access for an urgent client call. I tried resetting the password but the reset link doesn't arrive. This is affecting my ability to complete billing tasks. Every time I enter my credentials I get an 'invalid password' message. This is urgent and affecting multiple users. My account ID is 563688.
8,Casey Brown,casey.brown@techify.com,Team cannot login after password change,This is affecting my ability to complete billing tasks. My account shows as locked and I need access for an urgent client call. I tried resetting the password but the reset link doesn't arrive. This is urgent and affecting multiple users. My account ID is 245051.
45,Meera Khan,meera.khan@hotmail.com,Severe slowdown on dashboard,This is blocking our team's access to premium features. A payment attempt failed and my subscription shows as suspended. My account ID is 426147.
67,Jasper Gonzalez,jasper.gonzalez@company.com,Severe slowdown on dashboard,I tried resetting the password but the reset link doesn't arrive. My account shows as locked and I need access for an urgent client call. I'm unable to log in since this morning.
77,Elliot King,elliot.king@cloudwave.com,Payment failed and account suspended,Our staging server has been down intermittently for the past two hours. Several users reported timeouts when trying to run reports. My account ID is 482584.
174,Jordan Hill,jordan.hill@hotmail.com,Requesting refund for failed payment,If you can enable a temporary password that would help. Could you please reset my password and send the link to my email? Please let me know what information you need from my side.
13,Morgan Hill,morgan.hill@hotmail.com,Files missing after update,I tried resetting the password but the reset link doesn't arrive. My account shows as locked and I need access for an urgent client call.
132,Siddharth Wright,siddharth.wright@initech.com,Please enable SSO for my account,"Could you please reset my password and send the link to my email? I don't have access to my recovery phone, so I can't complete the flow. Please let me know what information you need from my side."
102,Chris Martin,chris.martin@outlook.com,Feature X broke after latest patch,The mobile app crashes immediately after tapping 'Start'. Attached are the steps to reproduce and a screenshot of the error. I'm on Android 12 and the crash happens every time I try to upload a file. I reinstalled the app but the issue persists. This is urgent and affecting multiple users.
223,Alex Patel,alex.patel@hotmail.com,Feature suggestion for reports,Please consider adding keyboard shortcuts for power users. It would be great if the reports could include CSV export by date range. Thanks again for the team effort. My account ID is 945106.
64,Rakesh Clark,rakesh.clark@techify.com,App crashing on startup,"The transaction went through on my bank, but the app still shows unpaid. I need help reprocessing the failed payment and restoring access. This is blocking our team's access to premium features. Can someone confirm whether the refund has been initiated? This is urgent and affecting multiple users."
183,Automated Sender,it@initech.com,Need access to new project folder,"I don't have access to my recovery phone, so I can't complete the flow. I can confirm my identity if required. Please let me know what information you need from my side."
215,Yara Thomas,yara.thomas@acme.com,Suggestion: more export formats,A dark mode would be appreciated for long working hours. This feature would really speed up our daily workflows. Thanks again for the team effort.
38,Riley King,riley.king@yahoo.com,Email notifications stopped working,Please advise on a workaround â€” we need this for our demo tomorrow. Attached are the steps to reproduce and a screenshot of the error. I reinstalled the app but the issue persists. I'm on Android 12 and the crash happens every time I try to upload a file.
244,Liam Johnson,liam.johnson39@gmail.com,Get cheap software licenses,Transfer funds to unlock your cash prize.
56,Dana Hall,dana.hall@yahoo.com,Feature X broke after latest patch,We noticed CPU spikes and very slow response times after the update. Can you check the server logs and let us know what's causing this? The application returns a 503 error under normal load. Several users reported timeouts when trying to run reports.
11,Nina Smith,nina.smith@netcore.com,Service down for my team,Can you check the server logs and let us know what's causing this? The application returns a 503 error under normal load. Our staging server has been down intermittently for the past two hours. This is urgent and affecting multiple users. My account ID is 916449.
155,Jasper Wright,jasper.wright@hotmail.com,Please enable SSO for my account,If you can enable a temporary password that would help. I can confirm my identity if required. Please let me know what information you need from my side.
179,Sonia Garcia,sonia.garcia71@yahoo.com,Please increase API rate limit,"The transaction went through on my bank, but the app still shows unpaid. This is blocking our team's access to premium features. Can someone confirm whether the refund has been initiated? Please let me know what information you need from my side. My account ID is 697467."
181,Rohit Hall,rohit.hall@yahoo.com,How to export my data?,Could you please reset my password and send the link to my email? I can confirm my identity if required. Please let me know what information you need from my side.
78,Grace Anderson,grace.anderson@globex.com,Payment failed and account suspended,Can you check the server logs and let us know what's causing this? Several users reported timeouts when trying to run reports.
176,Sunil Young,sunil.young@hotmail.com,Requesting refund for failed payment,Can you add an option to filter by user role in the dashboard? A dark mode would be appreciated for long working hours. This feature would really speed up our daily workflows. Please let me know what information you need from my side.
207,Rakesh Anderson,rakesh.anderson@netcore.com,Great update â€” a couple of ideas,This feature would really speed up our daily workflows. It would be great if the reports could include CSV export by date range. Can you add an option to filter by user role in the dashboard?
41,Automated Sender,billing@starkindustries.com,Server error 500 on reports,Please advise on a workaround â€” we need this for our demo tomorrow. I'm on Android 12 and the crash happens every time I try to upload a file. Attached are the steps to reproduce and a screenshot of the error. The mobile app crashes immediately after tapping 'Start'. This is urgent and affecting multiple users.
24,Automated Sender,billing@globex.com,Payment failed and account suspended,"A payment attempt failed and my subscription shows as suspended. The transaction went through on my bank, but the app still shows unpaid. This is urgent and affecting multiple users."
225,Olivia Young,olivia.young@initech.com,Kudos to the team,"Thanks for resolving the issue quickly, the team really appreciated it. The new update made the interface much more intuitive."
68,Riley Gonzalez,riley.gonzalez@hotmail.com,App crashing on startup,Every time I enter my credentials I get an 'invalid password' message. My account shows as locked and I need access for an urgent client call. I'm unable to log in since this morning. This is urgent and affecting multiple users.
119,Dana Hill,dana.hill@company.com,Can I get admin privileges?,"I don't have access to my recovery phone, so I can't complete the flow. If you can enable a temporary password that would help. Please let me know what information you need from my side."
79,Sophia Scott,sophia.scott@starkindustries.com,Email notifications stopped working,I'm unable to log in since this morning. Every time I enter my credentials I get an 'invalid password' message. This is affecting my ability to complete billing tasks.
229,Olivia Thomas,olivia.thomas@cloudwave.com,Exclusive deal just for you,Transfer funds to unlock your cash prize.
54,Frank Sharma,frank.sharma@initech.com,Team cannot login after password change,"The transaction went through on my bank, but the app still shows unpaid. Can someone confirm whether the refund has been initiated? A payment attempt failed and my subscription shows as suspended. I need help reprocessing the failed payment and restoring access."
235,Dana Patel,dana.patel@initech.com,Urgent: Verify your account to avoid closure,"This is a limited time offer, no purchase necessary."
92,Peyton Anderson,peyton.anderson@wayneenterprises.com,Email notifications stopped working,We noticed CPU spikes and very slow response times after the update. Our staging server has been down intermittently for the past two hours. Can you check the server logs and let us know what's causing this? Several users reported timeouts when trying to run reports. This is urgent and affecting multiple users. My account ID is 874683.
138,Anita Johnson,anita.johnson@starkindustries.com,Help with two-factor authentication setup,I can confirm my identity if required. I've tried the 'forgot password' option but it fails at verification. If you can enable a temporary password that would help. Please let me know what information you need from my side.
31,Elliot Smith,elliot.smith@globex.com,Severe slowdown on dashboard,This is affecting my ability to complete billing tasks. My account shows as locked and I need access for an urgent client call. This is urgent and affecting multiple users.
105,Zoe Sharma,zoe.sharma@starkindustries.com,Service down for my team,Can someone confirm whether the refund has been initiated? A payment attempt failed and my subscription shows as suspended. This is blocking our team's access to premium features. This is urgent and affecting multiple users.
81,Sunil Lee,sunil.lee@globex.com,Feature X broke after latest patch,This is affecting my ability to complete billing tasks. Every time I enter my credentials I get an 'invalid password' message. I tried resetting the password but the reset link doesn't arrive. This is urgent and affecting multiple users.
120,Dana Green,dana.green@globex.com,Please increase API rate limit,"I don't have access to my recovery phone, so I can't complete the flow. I've tried the 'forgot password' option but it fails at verification. Please let me know what information you need from my side."
242,Frank Green,frank.green48@outlook.com,Claim your free gift card now,"This is a limited time offer, no purchase necessary."
43,Taylor Brown,taylor.brown@initech.com,App crashing on startup,I reinstalled the app but the issue persists. Attached are the steps to reproduce and a screenshot of the error. I'm on Android 12 and the crash happens every time I try to upload a file.
233,Zoe Hernandez,zoe.hernandez@hotmail.com,Claim your free gift card now,"Transfer funds to unlock your cash prize. This is a limited time offer, no purchase necessary."
40,Jamie Garcia,jamie.garcia89@gmail.com,App crashing on startup,My account shows as locked and I need access for an urgent client call. I tried resetting the password but the reset link doesn't arrive. This is affecting my ability to complete billing tasks. My account ID is 973349.
28,Arjun Lopez,arjun.lopez31@hotmail.com,Payment failed and account suspended,I'm on Android 12 and the crash happens every time I try to upload a file. I reinstalled the app but the issue persists.
150,Sonia Lopez,sonia.lopez18@hotmail.com,How to export my data?,"I can confirm my identity if required. If you can enable a temporary password that would help. I don't have access to my recovery phone, so I can't complete the flow. Please let me know what information you need from my side."
198,Sunil Hill,sunil.hill@yahoo.com,Kudos to the team,"Good job on the recent improvements â€” noticed fewer errors. Thanks for resolving the issue quickly, the team really appreciated it. The new update made the interface much more intuitive. My account ID is 417543."
200,Jordan Scott,jordan.scott@netcore.com,Loving the new onboarding flow,The new update made the interface much more intuitive. Good job on the recent improvements â€” noticed fewer errors. Thanks again for the team effort.
35,Quinn King,quinn.king61@hotmail.com,Payment failed and account suspended,Several users reported timeouts when trying to run reports. Can you check the server logs and let us know what's causing this? This is urgent and affecting multiple users.
52,Sophia Hall,sophia.hall@outlook.com,Team cannot login after password change,"Can someone confirm whether the refund has been initiated? I need help reprocessing the failed payment and restoring access. The transaction went through on my bank, but the app still shows unpaid. This is urgent and affecting multiple users. My account ID is 301939."
20,Sonia Anderson,sonia.anderson75@gmail.com,Team cannot login after password change,Can you check the server logs and let us know what's causing this? Our staging server has been down intermittently for the past two hours. My account ID is 171262.
60,Quinn Singh,quinn.singh@hotmail.com,Email notifications stopped working,I'm unable to log in since this morning. This is affecting my ability to complete billing tasks. My account shows as locked and I need access for an urgent client call.
70,Alex Lopez,alex.lopez84@hotmail.com,Service down for my team,I reinstalled the app but the issue persists. Attached are the steps to reproduce and a screenshot of the error. Please advise on a workaround â€” we need this for our demo tomorrow. This is urgent and affecting multiple users.
116,Peyton Singh,peyton.singh@yahoo.com,Requesting environment access for QA,If you can enable a temporary password that would help. Could you please reset my password and send the link to my email? Please let me know what information you need from my side.
82,Anita Martin,anita.martin@starkindustries.com,Unable to access my account - urgent,My account shows as locked and I need access for an urgent client call. I'm unable to log in since this morning. This is affecting my ability to complete billing tasks. This is urgent and affecting multiple users.
84,Jordan Wright,jordan.wright@starkindustries.com,Files missing after update,I reinstalled the app but the issue persists. The mobile app crashes immediately after tapping 'Start'.
189,Taylor Khan,taylor.khan@outlook.com,Feature suggestion for reports,A dark mode would be appreciated for long working hours. It would be great if the reports could include CSV export by date range. This feature would really speed up our daily workflows. Thanks again for the team effort.
213,Will Johnson,will.johnson@techify.com,Feedback: mobile app layout,"Good job on the recent improvements â€” noticed fewer errors. Thanks for resolving the issue quickly, the team really appreciated it."
180,Xavier Hernandez,xavier.hernandez@techify.com,Request to add billing contact,If you can enable a temporary password that would help. I can confirm my identity if required. Could you please reset my password and send the link to my email? Please let me know what information you need from my side.
101,Ian Allen,ian.allen@gmail.com,Server error 500 on reports,Can someone confirm whether the refund has been initiated? A payment attempt failed and my subscription shows as suspended. My account ID is 748151.
206,Siddharth Johnson,siddharth.johnson97@gmail.com,Feature suggestion for reports,Good job on the recent improvements â€” noticed fewer errors. Overall experience has improved since the last release. Thanks again for the team effort. My account ID is 803281.
238,Tyler Clark,tyler.clark@gmail.com,Congratulations! You won a prize,"Act now to secure this one-time deal. This is a limited time offer, no purchase necessary."
